{"metadata":{"asset_id":"d5357ea9-8809-405d-a03f-d376b0c93b9d","asset_attributes":["notebook"],"name":"Sample Notebook from URL","asset_type":"notebook","created_at":"2024-09-14T04:05:05Z","description":"","origin_country":"us","owner_id":"IBMid-695000JIG5","project_id":"37e8c73f-2605-4c27-bcad-e6cdb91ae487","size":1742,"tags":["notebook"],"usage":{"last_update_time":1726287905407,"last_updated_at":"2024-09-14T04:25:05Z"}},"entity":{"notebook":{"kernel":{"name":"python3","display_name":"Python 3.10","language":"python"},"originates_from":{"type":"blank"},"runtime":{"environment":"rt231pys2-37e8c73f-2605-4c27-bcad-e6cdb91ae487"}}},"attachments":[{"id":"b29e5b2c-511b-4b02-bf22-32592e2c11c4","version":2,"asset_type":"notebook","name":"attachment for notebook d5357ea9-8809-405d-a03f-d376b0c93b9d","description":"attachment for notebook d5357ea9-8809-405d-a03f-d376b0c93b9d","mime":"application/json","datasource_type":"193a97c1-4475-4a19-b90c-295c4fdc6517","object_key":"notebook/Sample_Notebook_from_URL_31jY7KBD0.ipynb","creator_id":"IBMid-695000JIG5","create_time":1726286713348,"size":1742,"is_remote":false,"is_managed":false,"is_referenced":true,"is_object_key_read_only":false,"is_user_provided_path_key":true,"transfer_complete":true,"is_partitioned":false,"complete_time_ticks":1726286713348,"user_data":{},"test_doc":0,"handle":{"bucket":"jupyternotebook1-donotdelete-pr-6uiyltio184ixb","location":"us-south","type":"bluemix_cos","key":"notebook/Sample_Notebook_from_URL_31jY7KBD0.ipynb","upload_id":"done","max_part_num":1},"usage":{"access_count":3,"last_accessor_id":"IBMid-695000JIG5","last_access_time":1726287902141,"last_updater_id":"IBMid-695000JIG5","last_update_time":1726287902141}}]}
